City,DT,Country,Lat,Lon,Temp,Color,Feels_Like,Hi,Low,Cloudiness,Weather,Humidity,Wind
saskylakh,1579886727.0,RU,71.92,114.08,-27.94,blue,-47.51,-27.94,-27.94,100.0,overcast clouds,87.0,22.28
castro,1579886528.0,BR,-24.79,-50.01,74.53,orange,74.1,74.53,74.53,26.0,light rain,61.0,6.71
hermanus,1579886653.0,ZA,-34.42,19.23,73.0,orange,75.72,73.0,73.0,0.0,clear sky,81.0,5.99
cape town,1579886673.0,ZA,-33.93,18.42,69.94,orange,65.7,73.0,69.01,0.0,clear sky,77.0,14.99
puerto ayora,1579886779.0,EC,-0.74,-90.35,82.71,red,79.54,86.0,79.0,40.0,scattered clouds,58.0,16.11
faanui,1579886780.0,PF,-16.48,-151.75,82.4,red,83.57,82.4,82.4,17.0,few clouds,74.0,14.54
roald,1579886781.0,NO,62.58,6.13,35.74,green,21.11,39.2,30.0,75.0,shower rain,69.0,18.34
son la,1579886782.0,VN,21.32,103.9,60.31,orange,61.3,60.31,60.31,11.0,light rain,89.0,2.19
vaini,1579886651.0,TO,-21.2,-175.2,77.0,orange,82.4,77.0,77.0,20.0,few clouds,88.0,6.93
bredasdorp,1579886654.0,ZA,-34.53,20.04,71.01,orange,72.99,73.0,69.8,0.0,clear sky,77.0,4.7
lorengau,1579886785.0,PG,-2.02,147.27,83.53,red,89.47,83.53,83.53,5.0,clear sky,70.0,5.53
sitka,1579886606.0,US,57.05,-135.33,34.77,green,24.91,35.6,33.8,90.0,light rain,93.0,11.41
severo-kurilsk,1579886788.0,RU,50.68,156.12,14.31,blue,-4.25,14.31,14.31,80.0,light snow,87.0,22.82
bambous virieux,1579886764.0,MU,-20.34,57.76,80.76,red,88.34,81.0,80.6,75.0,shower rain,88.0,6.93
piacabucu,1579886790.0,BR,-10.41,-36.43,85.08,red,85.66,85.08,85.08,67.0,broken clouds,64.0,13.91
nikolskoye,1579886791.0,RU,59.7,30.79,34.79,green,23.92,36.0,32.0,67.0,light snow,96.0,13.42
carutapera,1579886687.0,BR,-1.2,-46.02,82.83,red,85.75,82.83,82.83,42.0,light rain,81.0,14.67
olinda,1579886817.0,BR,-8.01,-34.86,86.0,red,90.21,86.0,86.0,40.0,scattered clouds,66.0,9.17
cidreira,1579886671.0,BR,-30.18,-50.21,74.08,orange,72.43,74.08,74.08,10.0,clear sky,74.0,12.53
qaanaaq,1579886711.0,GL,77.48,-69.36,-9.54,blue,-20.18,-9.54,-9.54,0.0,clear sky,50.0,6.6
nhulunbuy,1579886717.0,AU,-12.23,136.77,80.6,red,86.81,80.6,80.6,100.0,overcast clouds,88.0,9.17
vila franca do campo,1579886804.0,PT,37.72,-25.43,59.0,orange,52.27,59.0,59.0,20.0,few clouds,62.0,10.29
ushuaia,1579886822.0,AR,-54.8,-68.3,55.4,orange,51.26,55.4,55.4,75.0,broken clouds,54.0,3.06
sisimiut,1579886824.0,GL,66.94,-53.67,10.31,blue,-0.49,10.31,10.31,98.0,light snow,87.0,8.61
ribeira grande,1579886581.0,PT,38.52,-28.7,59.0,orange,54.03,59.0,59.0,75.0,broken clouds,67.0,8.05
sao filipe,1579886583.0,CV,14.9,-24.5,74.61,orange,69.62,74.61,74.61,2.0,clear sky,67.0,16.67
punta arenas,1579886589.0,CL,-53.15,-70.92,43.83,green,35.22,44.6,42.8,90.0,light rain,87.0,11.41
mataura,1579886828.0,NZ,-46.19,168.86,59.0,orange,57.45,59.0,59.0,100.0,overcast clouds,95.0,7.0
yellowknife,1579886672.0,CA,62.46,-114.35,5.0,blue,-7.04,5.0,5.0,75.0,light snow,84.0,10.29
buchanan,1579886830.0,LR,5.88,-10.05,83.28,red,89.46,83.28,83.28,38.0,scattered clouds,75.0,6.91
rikitea,1579886560.0,PF,-23.12,-134.97,78.08,orange,74.28,78.08,78.08,0.0,clear sky,71.0,18.45
hobart,1579886833.0,AU,-42.88,147.33,57.36,orange,50.23,60.8,53.01,99.0,overcast clouds,55.0,9.17
kushima,1579886835.0,JP,31.46,131.23,53.1,green,51.48,53.1,53.1,99.0,overcast clouds,83.0,2.13
pisco,1579886627.0,PE,-13.7,-76.22,71.6,orange,63.3,71.6,71.6,75.0,broken clouds,30.0,10.29
coihaique,1579886656.0,CL,-45.58,-72.07,63.3,orange,56.79,64.4,60.8,75.0,broken clouds,55.0,10.29
butaritari,1579886839.0,KI,3.07,172.79,84.2,red,89.87,84.2,84.2,100.0,light rain,74.0,8.32
dubbo,1579886840.0,AU,-32.25,148.62,73.4,orange,65.57,73.4,73.4,0.0,clear sky,31.0,10.29
taoudenni,1579886803.0,ML,22.68,-3.98,81.84,red,73.47,81.84,81.84,100.0,overcast clouds,13.0,7.16
broome,1579886842.0,US,42.25,-75.83,46.06,green,39.47,50.0,42.8,1.0,clear sky,52.0,4.7
torbay,1579886564.0,CA,47.67,-52.73,32.99,green,20.97,34.0,32.0,75.0,broken clouds,81.0,14.0
tuktoyaktuk,1579886571.0,CA,69.45,-133.04,-4.0,blue,-13.92,-4.0,-4.0,90.0,overcast clouds,76.0,5.82
port alfred,1579886652.0,ZA,-33.59,26.89,66.99,orange,70.84,66.99,66.99,67.0,moderate rain,91.0,1.99
bitung,1579886847.0,ID,1.45,125.18,75.2,orange,83.35,75.2,75.2,20.0,few clouds,94.0,2.24
nanortalik,1579886850.0,GL,60.14,-45.24,25.95,blue,8.85,25.95,25.95,100.0,light snow,93.0,22.26
bengkulu,1579886612.0,ID,-3.8,102.27,74.03,orange,80.91,74.03,74.03,100.0,heavy intensity rain,97.0,4.27
vila velha,1579886650.0,BR,-20.33,-40.29,78.62,red,83.03,80.01,77.0,90.0,light rain,88.0,10.29
pokhara,1579886853.0,NP,28.23,83.98,45.61,green,42.75,45.61,45.61,12.0,few clouds,89.0,2.06
ler,1579886706.0,SS,8.3,30.14,76.12,orange,69.31,76.12,76.12,91.0,overcast clouds,18.0,5.12
nakasongola,1579886825.0,UG,1.31,32.46,79.57,orange,77.23,79.57,79.57,49.0,scattered clouds,36.0,4.41
fort abbas,1579886856.0,PK,29.19,72.85,60.15,orange,54.7,60.15,60.15,61.0,broken clouds,39.0,4.18
korla,1579886743.0,CN,41.76,86.15,12.63,blue,5.02,12.63,12.63,21.0,few clouds,79.0,2.98
dikson,1579886748.0,RU,73.51,80.55,-3.57,blue,-14.78,-3.57,-3.57,100.0,light snow,96.0,8.43
kruisfontein,1579886860.0,ZA,-34.0,24.73,71.47,orange,75.6,71.47,71.47,51.0,broken clouds,78.0,1.5
boyolangu,1579886861.0,ID,-8.12,111.89,75.47,orange,84.0,75.47,75.47,51.0,broken clouds,91.0,0.87
salinas,1579886857.0,US,36.68,-121.66,51.64,orange,49.12,57.0,46.4,1.0,mist,93.0,4.45
shillong,1579886863.0,IN,25.57,91.88,53.6,green,53.38,53.6,53.6,40.0,mist,93.0,1.34
puerto escondido,1579886864.0,MX,15.85,-97.07,82.4,red,86.54,82.4,82.4,40.0,scattered clouds,69.0,7.27
laguna,1579886622.0,US,38.42,-121.42,51.64,orange,49.8,57.0,46.4,75.0,light rain,93.0,3.24
copiapo,1579886866.0,CL,-27.37,-70.33,82.4,red,74.26,82.4,82.4,5.0,clear sky,42.0,18.34
vostok,1579886867.0,RU,46.49,135.88,-15.12,blue,-24.79,-15.12,-15.12,5.0,clear sky,97.0,5.12
capreol,1579886633.0,CA,46.71,-80.92,32.45,green,24.3,33.01,32.0,90.0,overcast clouds,97.0,8.05
rawson,1579886869.0,AR,-43.3,-65.1,71.22,orange,62.53,71.22,71.22,98.0,overcast clouds,46.0,15.28
baoning,1579886871.0,CN,25.34,110.03,46.4,green,43.05,46.4,46.4,75.0,broken clouds,100.0,4.47
san quintin,1579886872.0,MX,30.48,-115.95,62.17,orange,60.15,62.17,62.17,100.0,overcast clouds,72.0,5.26
tarnobrzeg,1579886873.0,PL,50.57,21.68,33.8,green,20.66,35.01,33.01,53.0,broken clouds,64.0,14.99
provideniya,1579886604.0,RU,64.38,-173.3,-7.8,blue,-17.28,-7.8,-7.8,91.0,overcast clouds,96.0,5.12
albany,1579886656.0,US,42.6,-73.97,38.7,green,31.46,48.99,32.0,75.0,broken clouds,55.0,4.7
berea,1579886877.0,US,41.37,-81.85,40.05,green,29.41,44.01,36.0,90.0,moderate rain,75.0,12.75
bonavista,1579886793.0,CA,48.65,-53.11,30.0,blue,21.09,30.0,30.0,67.0,light snow,84.0,8.01
manavalakurichi,1579886880.0,IN,8.13,77.3,82.4,red,91.13,82.4,82.4,20.0,haze,83.0,4.7
mount gambier,1579886715.0,AU,-37.83,140.77,59.0,orange,57.38,59.0,59.0,75.0,broken clouds,100.0,8.05
chokurdakh,1579886883.0,RU,70.63,147.92,-35.1,blue,-44.81,-35.1,-35.1,0.0,clear sky,88.0,4.68
san javier,1579886884.0,ES,37.81,-0.84,55.96,orange,50.76,57.2,54.0,40.0,scattered clouds,93.0,11.41
new norfolk,1579886653.0,AU,-42.78,147.06,57.29,orange,50.16,60.8,53.01,100.0,light rain,55.0,9.17
norman wells,1579886886.0,CA,65.28,-126.83,-7.6,blue,-16.92,-7.6,-7.6,90.0,light snow,83.0,4.7
clyde river,1579886658.0,CA,70.47,-68.59,-9.4,blue,-27.13,-9.4,-9.4,40.0,scattered clouds,76.0,19.46
nouadhibou,1579886885.0,MR,20.93,-17.03,68.0,orange,59.97,68.0,68.0,83.0,broken clouds,64.0,17.22
pangnirtung,1579886600.0,CA,66.15,-65.71,-27.4,blue,-36.26,-27.4,-27.4,20.0,few clouds,67.0,3.2
nortelandia,1579886890.0,BR,-14.45,-56.8,88.11,red,92.1,88.11,88.11,19.0,light rain,55.0,6.33
baghdad,1579886829.0,IQ,33.34,44.4,51.8,green,42.08,51.8,51.8,90.0,light rain,76.0,14.99
port elizabeth,1579886716.0,ZA,-33.92,25.57,71.6,orange,66.29,71.6,71.6,59.0,broken clouds,78.0,18.34
arraial do cabo,1579886607.0,BR,-22.97,-42.03,76.08,orange,79.74,77.0,75.2,90.0,overcast clouds,88.0,9.17
ndele,1579886895.0,CF,8.41,20.65,71.67,orange,63.03,71.67,71.67,91.0,overcast clouds,13.0,6.17
inhambane,1579886896.0,MZ,-23.86,35.38,77.41,orange,76.86,77.41,77.41,0.0,clear sky,75.0,13.53
pacific grove,1579886657.0,US,36.62,-121.92,51.69,orange,44.17,57.0,46.4,1.0,haze,81.0,11.72
pachino,1579886898.0,IT,36.72,15.09,50.04,orange,44.74,55.4,44.01,40.0,scattered clouds,71.0,5.82
hilo,1579886888.0,US,19.73,-155.09,66.33,orange,66.02,69.8,61.0,90.0,overcast clouds,73.0,4.7
airai,1579886900.0,TL,-8.93,125.41,67.32,orange,70.77,67.32,67.32,73.0,broken clouds,92.0,3.18
valdivia,1579886901.0,CL,-39.81,-73.25,77.0,orange,73.65,77.0,77.0,0.0,clear sky,38.0,5.82
iraray,1579886902.0,PH,8.99,118.05,74.25,orange,80.74,74.25,74.25,6.0,clear sky,90.0,3.04
kloulklubed,1579886903.0,PW,7.04,134.26,77.0,orange,79.63,77.0,77.0,90.0,light intensity shower rain,94.0,13.87
den helder,1579886727.0,NL,52.96,4.76,40.59,green,30.94,43.0,37.99,75.0,light intensity drizzle,93.0,12.75
krasnoselkup,1579886905.0,RU,65.7,82.47,17.06,blue,2.93,17.06,17.06,94.0,light snow,93.0,15.5
bethel,1579886887.0,US,41.37,-73.41,46.09,green,39.27,52.0,39.99,1.0,light rain,36.0,3.36
ajdabiya,1579886908.0,LY,30.76,20.23,58.71,orange,56.12,58.71,58.71,0.0,clear sky,64.0,3.2
ust-nera,1579886909.0,RU,64.57,143.2,-44.09,blue,-51.9,-44.09,-44.09,87.0,overcast clouds,100.0,1.25
college,1579886910.0,US,64.86,-147.8,-7.11,blue,-15.32,-4.0,-9.0,90.0,overcast clouds,76.0,2.66
kota belud,1579886911.0,MY,6.35,116.43,77.0,orange,84.11,77.0,77.0,75.0,broken clouds,83.0,2.24
kasongo-lunda,1579886912.0,CD,-6.47,16.82,73.63,orange,78.44,73.63,73.63,43.0,light rain,78.0,1.92
lebu,1579886913.0,CL,-37.62,-73.65,72.01,orange,62.98,72.01,72.01,0.0,clear sky,32.0,12.28
tiksi,1579886898.0,RU,71.69,128.87,-33.57,blue,-43.76,-33.57,-33.57,0.0,clear sky,88.0,5.55
barrow,1579886880.0,US,71.29,-156.79,-22.0,blue,-33.52,-22.0,-22.0,1.0,clear sky,74.0,8.05
saint-georges,1579886916.0,GD,12.06,-61.75,84.2,red,90.01,84.2,84.2,40.0,scattered clouds,74.0,8.05
port blair,1579886917.0,IN,11.67,92.75,79.84,orange,80.58,79.84,79.84,10.0,clear sky,73.0,12.59
vao,1579886730.0,NC,-22.67,167.48,76.73,orange,73.38,76.73,76.73,25.0,light rain,81.0,19.89
avarua,1579886919.0,CK,-21.21,-159.78,80.6,red,88.07,80.6,80.6,83.0,broken clouds,94.0,9.17
atuona,1579886921.0,PF,-9.8,-139.03,80.01,red,81.46,80.01,80.01,43.0,light rain,81.0,14.41
krasavino,1579886922.0,RU,60.96,46.48,14.74,blue,5.2,14.74,14.74,96.0,light snow,94.0,7.09
georgetown,1579886902.0,MY,5.41,100.34,81.75,red,88.41,84.0,80.01,20.0,few clouds,69.0,2.24
maniitsoq,1579886721.0,GL,65.42,-52.9,11.3,blue,-1.93,11.3,11.3,100.0,light snow,81.0,12.86
kodiak,1579886926.0,US,57.79,-152.41,15.8,blue,-0.71,15.8,15.8,1.0,clear sky,56.0,18.34
ampanihy,1579886927.0,MG,-24.7,44.75,69.62,orange,64.24,69.62,69.62,0.0,clear sky,72.0,15.48
staryy nadym,1579886928.0,RU,65.61,72.68,5.49,blue,-2.49,5.49,5.49,87.0,overcast clouds,96.0,3.36
lamesa,1579886930.0,US,32.74,-101.95,51.1,green,41.36,51.8,50.0,75.0,broken clouds,43.0,10.29
axim,1579886932.0,GH,4.87,-2.24,82.83,red,87.51,82.83,82.83,2.0,clear sky,73.0,8.32
paraiso,1579886933.0,CR,9.84,-83.87,79.18,red,72.54,82.4,73.99,40.0,light rain,54.0,18.34
ancud,1579886732.0,CL,-41.87,-73.82,68.0,orange,58.93,68.0,68.0,40.0,scattered clouds,52.0,16.11
blankenberge,1579886697.0,BE,51.31,3.13,35.8,green,29.88,37.99,34.0,75.0,mist,93.0,4.7
khatanga,1579886722.0,RU,71.97,102.5,-26.88,blue,-39.14,-26.88,-26.88,97.0,overcast clouds,88.0,9.33
kavieng,1579886730.0,PG,-2.57,150.8,83.28,red,87.69,83.28,83.28,0.0,clear sky,65.0,5.97
bluff,1579886938.0,NZ,-46.6,168.33,59.0,orange,57.45,59.0,59.0,100.0,light rain,95.0,7.0
yulara,1579886884.0,AU,-25.24,130.99,80.6,red,72.25,80.6,80.6,60.0,broken clouds,22.0,10.29
huarmey,1579886940.0,PE,-10.07,-78.15,83.37,red,80.55,83.37,83.37,18.0,few clouds,48.0,11.92
verkhnyaya inta,1579886941.0,RU,65.98,60.31,1.67,blue,-10.28,1.67,1.67,100.0,light snow,96.0,10.09
luderitz,1579886918.0,NA,-26.65,15.16,75.2,orange,72.18,75.2,75.2,0.0,clear sky,60.0,11.41
saint george,1579886683.0,US,37.1,-113.58,41.61,green,33.51,46.99,34.0,1.0,clear sky,45.0,5.82
cayenne,1579886945.0,GF,4.93,-52.33,86.0,red,88.95,86.0,86.0,75.0,broken clouds,66.0,11.41
puerto barrios,1579886946.0,GT,15.72,-88.6,80.6,red,85.96,80.6,80.6,40.0,scattered clouds,78.0,6.93
mahenge,1579886947.0,TZ,-8.68,36.72,74.26,orange,80.64,74.26,74.26,100.0,light rain,95.0,4.79
krasnoarmeysk,1579886948.0,RU,51.02,45.7,21.0,blue,11.52,21.0,21.0,78.0,broken clouds,72.0,7.0
luganville,1579886949.0,VU,-15.53,167.17,71.1,orange,77.99,71.1,71.1,56.0,broken clouds,96.0,1.23
pershotravneve,1579886950.0,UA,51.39,28.87,32.99,green,22.82,32.99,32.99,96.0,overcast clouds,77.0,10.45
chara,1579886739.0,RU,56.91,118.26,-19.82,blue,-27.33,-19.82,-19.82,29.0,scattered clouds,74.0,0.98
tautira,1579886770.0,PF,-17.73,-149.15,80.35,red,81.52,80.6,80.01,40.0,scattered clouds,74.0,12.66
esperance,1579886890.0,AU,-33.87,121.9,60.8,orange,60.48,60.8,60.8,90.0,overcast clouds,100.0,6.93
labuhan,1579886954.0,ID,-6.88,112.21,76.84,orange,84.6,76.84,76.84,40.0,light rain,86.0,1.92
saint-philippe,1579886676.0,RE,-21.36,55.77,77.31,red,78.22,80.6,71.01,100.0,light rain,94.0,17.22
bagdarin,1579886957.0,RU,54.43,113.6,-14.89,blue,-22.81,-14.89,-14.89,0.0,clear sky,85.0,1.95
rexburg,1579886844.0,US,43.83,-111.79,29.43,green,24.1,35.6,26.01,90.0,mist,92.0,2.01
bathsheba,1579886922.0,BB,13.22,-59.52,84.2,red,85.15,84.2,84.2,20.0,few clouds,70.0,14.99
jamestown,1579886810.0,US,42.1,-79.24,42.39,green,33.51,45.0,39.99,90.0,overcast clouds,41.0,6.93
margate,1579886682.0,GB,51.38,1.39,42.51,green,37.76,44.01,41.0,75.0,light rain,93.0,4.7
sechura,1579886687.0,PE,-5.56,-80.82,73.49,orange,72.25,73.49,73.49,100.0,overcast clouds,83.0,14.03
victoria,1579886922.0,HK,22.29,114.16,68.49,orange,65.17,73.0,64.99,40.0,scattered clouds,83.0,13.87
carnarvon,1579886897.0,AU,-24.87,113.63,80.6,red,76.57,80.6,80.6,0.0,clear sky,61.0,17.22
westport,1579886797.0,US,41.14,-73.36,47.59,green,39.58,53.01,41.0,1.0,clear sky,56.0,8.05
colares,1579886966.0,PT,38.8,-9.45,55.06,orange,52.21,55.99,53.6,40.0,scattered clouds,87.0,5.82
busselton,1579886884.0,AU,-33.65,115.33,61.0,orange,55.78,61.0,61.0,80.0,broken clouds,78.0,11.5
tikhvin,1579886969.0,RU,59.65,33.53,30.0,blue,21.45,30.0,30.0,81.0,broken clouds,92.0,7.85
chifeng,1579886970.0,CN,42.27,118.96,14.31,blue,5.36,14.31,14.31,0.0,clear sky,78.0,5.48
clarksville,1579886971.0,US,36.53,-87.36,44.35,green,38.08,50.0,39.99,90.0,light rain,93.0,8.05
mattru,1579886972.0,SL,7.62,-11.83,87.17,red,86.49,87.17,87.17,60.0,broken clouds,46.0,9.73
roebourne,1579886973.0,AU,-20.78,117.13,87.22,red,87.12,87.22,87.22,0.0,clear sky,49.0,10.13
goulburn,1579886974.0,AU,-34.75,149.72,62.56,orange,62.04,66.0,59.0,69.0,light rain,92.0,6.89
paka,1579886975.0,MY,4.64,103.44,71.49,orange,78.33,71.6,71.01,4.0,clear sky,94.0,1.12
neiafu,1579886976.0,TO,-18.65,-173.98,75.2,orange,81.34,75.2,75.2,40.0,scattered clouds,94.0,5.82
upernavik,1579886978.0,GL,72.79,-56.15,-13.49,blue,-22.83,-13.49,-13.49,30.0,scattered clouds,89.0,4.54
ahipara,1579886961.0,NZ,-35.17,173.17,62.01,orange,61.81,62.01,62.01,0.0,clear sky,100.0,7.54
badou,1579886981.0,TG,7.58,0.6,82.94,red,78.67,82.94,82.94,0.0,clear sky,16.0,1.25
russellville,1579886683.0,US,35.28,-93.13,38.88,green,24.64,41.0,37.0,90.0,overcast clouds,69.0,18.34
wasilla,1579886983.0,US,61.58,-149.44,-2.36,blue,-10.79,3.99,-8.0,90.0,overcast clouds,83.0,3.36
seryshevo,1579886984.0,RU,51.09,128.38,-17.63,blue,-26.77,-17.63,-17.63,0.0,clear sky,87.0,4.03
cockburn town,1579886801.0,TC,21.46,-71.14,78.8,orange,81.86,78.8,78.8,40.0,scattered clouds,61.0,3.36
padilla,1579886987.0,CO,3.22,-76.31,84.2,red,87.91,84.2,84.2,40.0,scattered clouds,54.0,3.36
tasiilaq,1579886720.0,GL,65.61,-37.64,19.4,blue,-4.09,19.4,19.4,75.0,broken clouds,57.0,31.09
kuusamo,1579886989.0,FI,65.97,29.18,14.0,blue,4.46,14.0,14.0,24.0,few clouds,92.0,6.93
longyearbyen,1579886991.0,SJ,78.22,15.64,8.6,blue,-12.66,8.6,8.6,40.0,scattered clouds,60.0,26.4
rio gallegos,1579886922.0,AR,-51.62,-69.22,51.8,green,44.19,51.8,51.8,40.0,light rain,87.0,12.75
husavik,1579886995.0,IS,66.04,-17.34,30.2,blue,20.12,30.2,30.2,75.0,broken clouds,68.0,9.17
campos novos,1579886996.0,BR,-27.4,-51.23,81.28,red,78.46,81.28,81.28,7.0,clear sky,35.0,5.64
iwanai,1579886998.0,JP,42.97,140.51,15.55,blue,2.34,15.55,15.55,100.0,light snow,83.0,13.35
tahta,1579886999.0,EG,26.77,31.5,54.52,orange,46.2,57.2,51.8,0.0,clear sky,47.0,9.17
kapaa,1579887001.0,US,22.08,-159.32,64.15,orange,63.09,66.2,62.01,1.0,clear sky,88.0,8.05
cherskiy,1579886944.0,RU,68.75,161.3,-37.39,blue,-46.7,-37.39,-37.39,65.0,broken clouds,97.0,3.96
hithadhoo,1579886718.0,MV,-0.6,73.08,84.45,red,90.0,84.45,84.45,53.0,light rain,76.0,9.64
sao jose do rio pardo,1579887004.0,BR,-21.6,-46.89,76.05,orange,76.48,77.0,75.2,75.0,broken clouds,69.0,8.72
chandler,1579886746.0,US,33.31,-111.84,59.25,orange,57.7,64.0,55.0,1.0,clear sky,66.0,1.92
summerland,1579886873.0,CA,49.6,-119.67,36.9,green,23.47,41.0,33.8,75.0,shower rain,93.0,18.34
victor harbor,1579887011.0,AU,-35.57,138.62,62.13,orange,60.93,64.4,61.0,40.0,scattered clouds,82.0,5.82
cabo san lucas,1579887010.0,MX,22.89,-109.91,69.15,orange,70.39,72.0,66.2,40.0,scattered clouds,77.0,4.7
gushikawa,1579887013.0,JP,26.35,127.87,65.17,orange,68.65,68.0,60.8,1.0,clear sky,100.0,3.36
alta floresta,1579886786.0,BR,-9.88,-56.09,86.0,red,94.12,86.0,86.0,40.0,scattered clouds,74.0,5.82
yar-sale,1579887015.0,RU,66.83,70.83,4.46,blue,-5.22,4.46,4.46,97.0,light snow,96.0,6.29
ahuimanu,1579887016.0,US,21.44,-157.84,66.25,orange,70.75,68.0,64.0,20.0,few clouds,93.0,0.76
lauria,1579887017.0,IT,40.05,15.84,41.0,green,36.73,41.0,41.0,0.0,clear sky,72.0,1.41
champerico,1579887019.0,GT,14.3,-91.92,86.0,red,91.72,86.0,86.0,5.0,smoke,62.0,4.7
geraldton,1579887020.0,AU,-28.77,114.6,66.2,orange,66.4,66.2,66.2,0.0,clear sky,82.0,5.82
sosnogorsk,1579887021.0,RU,63.6,53.88,-1.37,blue,-9.49,-1.37,-1.37,74.0,broken clouds,97.0,3.06
puerto del rosario,1579887022.0,ES,28.5,-13.86,68.0,orange,62.13,68.0,68.0,20.0,few clouds,56.0,11.41
los andes,1579887023.0,CL,-32.83,-70.6,86.09,red,83.17,88.0,84.2,19.0,few clouds,40.0,10.29
mandalgovi,1579887024.0,MN,45.76,106.27,7.66,blue,-4.59,7.66,7.66,0.0,clear sky,62.0,10.4
villa carlos paz,1579887026.0,AR,-31.42,-64.5,89.47,red,87.98,93.99,84.99,13.0,few clouds,46.0,12.75
padang,1579887027.0,ID,-0.95,100.35,68.31,orange,71.91,68.31,68.31,59.0,light rain,95.0,4.45
touros,1579887028.0,BR,-5.2,-35.46,86.0,red,87.19,86.0,86.0,75.0,broken clouds,62.0,12.75
pevek,1579887029.0,RU,69.7,170.31,-27.89,blue,-35.9,-27.89,-27.89,0.0,clear sky,97.0,1.81
stende,1579887031.0,LV,57.15,22.53,42.8,green,32.95,42.8,42.8,100.0,light rain,93.0,13.87
zhigansk,1579887032.0,RU,66.77,123.37,-42.92,blue,-54.9,-42.92,-42.92,48.0,scattered clouds,96.0,8.66
souillac,1579887033.0,MU,-20.52,57.52,80.76,red,88.34,81.0,80.6,75.0,shower rain,88.0,6.93
atar,1579887034.0,MR,20.52,-13.05,87.58,red,78.87,87.58,87.58,19.0,few clouds,12.0,8.3
kapoeta,1579887035.0,SS,4.77,33.59,84.83,red,79.65,84.83,84.83,52.0,broken clouds,18.0,4.14
alice springs,1579887002.0,AU,-23.7,133.88,77.0,orange,72.34,77.0,77.0,28.0,scattered clouds,31.0,5.82
klaksvik,1579886897.0,FO,62.23,-6.59,39.2,green,31.32,39.2,39.2,100.0,light rain,80.0,8.05
roma,1579886961.0,US,43.21,-75.46,41.67,green,31.23,48.99,35.01,1.0,clear sky,48.0,10.29
tura,1579887040.0,IN,25.52,90.22,54.39,green,49.98,54.39,54.39,0.0,clear sky,53.0,3.09
arlit,1579887041.0,NE,18.74,7.39,78.91,orange,67.39,78.91,78.91,60.0,broken clouds,7.0,10.16
urumqi,1579887042.0,CN,43.8,87.6,5.0,blue,-4.94,5.0,5.0,40.0,mist,92.0,6.71
hobyo,1579887044.0,SO,5.35,48.53,80.01,red,76.64,80.01,80.01,75.0,broken clouds,79.0,22.24
mentakab,1579887045.0,MY,3.49,102.35,70.65,orange,76.28,70.65,70.65,0.0,clear sky,88.0,0.92
djibo,1579887047.0,BF,14.1,-1.63,83.5,red,72.03,83.5,83.5,66.0,broken clouds,7.0,10.45
ribas do rio pardo,1579887049.0,BR,-20.44,-53.76,81.79,red,82.76,81.79,81.79,81.0,light rain,65.0,10.83
bjornevatn,1579887050.0,NO,69.67,29.98,8.26,blue,-0.38,12.2,5.0,40.0,shower rain,92.0,4.7
mitsamiouli,1579887051.0,KM,-11.38,43.28,77.0,orange,84.79,77.0,77.0,90.0,light rain,94.0,4.7
narsaq,1579887052.0,GL,60.92,-46.05,26.6,blue,19.24,26.6,26.6,90.0,light snow,79.0,4.36
verkhnevilyuysk,1579887053.0,RU,63.45,120.32,-40.29,blue,-50.44,-40.29,-40.29,0.0,clear sky,94.0,5.41
kendari,1579887055.0,ID,-3.94,122.5,75.18,orange,83.95,75.18,75.18,8.0,light rain,95.0,1.45
carauari,1579887056.0,BR,-4.88,-66.9,91.69,red,99.21,91.69,91.69,90.0,overcast clouds,55.0,3.18
magomeni,1579887057.0,TZ,-6.8,39.25,83.07,red,87.03,84.2,82.4,75.0,broken clouds,83.0,13.87
hasaki,1579887058.0,JP,35.73,140.83,38.07,green,33.58,39.2,36.0,75.0,broken clouds,86.0,2.24
abu samrah,1579887060.0,SY,35.3,37.18,37.6,green,28.42,37.6,37.6,0.0,clear sky,50.0,7.54
istok,1579886983.0,XK,42.78,20.49,33.76,green,26.76,36.0,32.0,0.0,clear sky,73.0,4.7
pasaje,1579887062.0,EC,-3.33,-79.82,86.58,red,93.38,89.6,84.2,75.0,broken clouds,70.0,6.93
yaan,1579887063.0,NG,7.38,8.57,83.44,red,75.16,83.44,83.44,58.0,broken clouds,8.0,5.21
asosa,1579887064.0,ET,10.07,34.53,67.71,orange,61.75,67.71,67.71,96.0,overcast clouds,31.0,5.35
dekar,1579887065.0,BW,-21.53,21.93,74.19,orange,70.48,74.19,74.19,54.0,light rain,62.0,12.59
salalah,1579887067.0,OM,17.02,54.09,77.0,orange,82.54,77.0,77.0,20.0,few clouds,78.0,3.36
katherine,1579887068.0,AU,-14.47,132.27,78.8,orange,85.84,78.8,78.8,100.0,overcast clouds,88.0,5.82
muisne,1579887069.0,EC,0.6,-80.03,84.2,red,94.84,84.2,84.2,75.0,broken clouds,89.0,5.82
sault sainte marie,1579887070.0,CA,46.52,-84.33,34.43,green,25.02,35.6,33.8,90.0,overcast clouds,74.0,9.17
ucluelet,1579887071.0,CA,48.93,-125.55,48.16,green,45.39,48.99,46.99,90.0,light intensity shower rain,93.0,3.36
banepa,1579887072.0,NP,27.63,85.52,42.8,green,39.51,42.8,42.8,40.0,mist,93.0,2.24
weligama,1579887073.0,LK,5.97,80.42,73.72,orange,76.75,73.72,73.72,38.0,scattered clouds,86.0,7.54
ko samui,1579887074.0,TH,9.54,99.94,80.47,red,82.49,80.47,80.47,20.0,few clouds,71.0,10.16
ambunti,1579887075.0,PG,-4.24,142.84,73.98,orange,82.65,73.98,73.98,72.0,light rain,98.0,1.32
metro,1579886885.0,ID,-5.11,105.31,77.14,orange,82.49,77.14,77.14,100.0,light rain,91.0,8.16
cooma,1579887078.0,AU,-36.23,149.13,51.8,green,47.84,51.8,51.8,48.0,scattered clouds,100.0,8.05
leshukonskoye,1579887080.0,RU,64.9,45.76,-1.48,blue,-9.98,-1.48,-1.48,97.0,overcast clouds,98.0,3.76
malartic,1579887081.0,CA,48.13,-78.13,24.28,blue,14.79,25.0,23.0,75.0,broken clouds,85.0,8.05
lipin bor,1579887083.0,RU,60.26,37.98,28.17,blue,17.49,28.17,28.17,89.0,light snow,90.0,11.14
hamilton,1579886843.0,US,39.18,-84.53,43.93,green,37.69,45.0,42.01,90.0,light rain,93.0,7.87
vestmannaeyjar,1579886922.0,IS,63.44,-20.27,33.8,green,18.23,33.8,33.8,90.0,overcast clouds,86.0,20.8
luanda,1579886816.0,AO,-8.84,13.23,86.0,red,88.95,86.0,86.0,75.0,broken clouds,66.0,11.41
codrington,1579886900.0,AU,-38.27,141.97,60.4,orange,52.68,60.4,60.4,38.0,scattered clouds,90.0,17.9
piracuruca,1579887089.0,BR,-3.93,-41.71,92.91,red,94.8,92.91,92.91,30.0,scattered clouds,44.0,8.23
hervey bay,1579887091.0,AU,-25.3,152.85,78.44,orange,84.92,78.8,78.01,40.0,scattered clouds,83.0,4.7
raudeberg,1579887092.0,NO,61.99,5.14,37.42,green,27.39,39.2,35.6,75.0,light rain,80.0,11.41
morant bay,1579887093.0,JM,17.88,-76.41,81.46,red,82.98,82.4,80.01,20.0,few clouds,61.0,8.05
mecca,1579887094.0,SA,21.43,39.83,61.07,orange,53.29,61.07,61.07,0.0,clear sky,51.0,10.87
zhigalovo,1579887095.0,RU,54.81,105.16,3.83,blue,-4.36,3.83,3.83,100.0,overcast clouds,94.0,3.56
tiznit,1579886916.0,MA,29.58,-9.5,55.85,orange,50.47,55.85,55.85,33.0,scattered clouds,55.0,5.57
robe,1579887097.0,AU,-37.18,139.75,58.68,orange,58.23,58.68,58.68,63.0,broken clouds,96.0,5.03
dingle,1579887030.0,PH,11.0,122.67,73.94,orange,78.21,73.94,73.94,11.0,few clouds,93.0,7.61
haines junction,1579887099.0,CA,60.75,-137.51,-6.79,blue,-17.73,-6.79,-6.79,100.0,light snow,99.0,7.78
kasane,1579886838.0,BW,-17.82,25.15,82.4,red,83.34,82.4,82.4,75.0,broken clouds,51.0,5.82
east london,1579887074.0,ZA,-33.02,27.91,73.4,orange,79.59,73.4,73.4,20.0,light rain,88.0,2.24
coquimbo,1579887104.0,CL,-29.95,-71.34,77.0,orange,72.55,77.0,77.0,0.0,clear sky,53.0,12.75
lavrentiya,1579887105.0,RU,65.58,-171.0,-16.42,blue,-25.44,-16.42,-16.42,0.0,clear sky,79.0,3.8
marawi,1579887107.0,PH,8.0,124.29,77.0,orange,85.57,77.0,77.0,8.0,clear sky,90.0,1.99
sortland,1579887108.0,NO,68.69,15.42,27.55,blue,21.88,30.2,24.01,75.0,shower rain,92.0,2.24
sorong,1579887109.0,ID,-0.88,131.25,72.79,orange,78.84,72.79,72.79,2.0,clear sky,88.0,1.95
avera,1579887110.0,US,33.19,-82.53,58.26,orange,54.46,62.6,55.99,90.0,light rain,87.0,9.17
chuy,1579886944.0,UY,-33.7,-53.46,82.09,red,80.92,82.09,82.09,0.0,clear sky,44.0,6.6
houma,1579887112.0,US,29.6,-90.72,60.26,orange,54.55,63.0,57.2,5.0,clear sky,51.0,6.93
broken hill,1579887113.0,AU,-31.95,141.43,62.6,orange,55.92,62.6,62.6,0.0,clear sky,33.0,5.82
damghan,1579887115.0,IR,36.17,54.35,29.89,blue,24.58,29.89,29.89,0.0,clear sky,83.0,1.57
billings,1579887116.0,US,45.78,-108.5,37.47,green,26.78,39.99,35.6,75.0,broken clouds,51.0,10.29
buluang,1579887117.0,PH,13.31,123.34,72.95,orange,78.15,72.95,72.95,80.0,light rain,94.0,5.32
bechem,1579887118.0,GH,7.09,-2.02,87.06,red,82.49,87.06,87.06,22.0,few clouds,17.0,3.18
santa rosa,1579886891.0,PH,14.31,121.11,76.39,orange,84.11,77.0,75.0,90.0,light rain,88.0,2.24
kerema,1579887120.0,PG,-7.96,145.78,76.03,orange,81.27,76.03,76.03,51.0,broken clouds,78.0,3.06
ilebo,1579887121.0,CD,-4.32,20.58,77.5,orange,79.05,77.5,77.5,84.0,broken clouds,51.0,1.74
sioux lookout,1579886975.0,CA,50.1,-91.92,15.8,blue,8.78,15.8,15.8,90.0,overcast clouds,78.0,2.24
aksu,1579887124.0,CN,41.12,80.26,24.71,blue,17.8,24.71,24.71,100.0,overcast clouds,74.0,3.02
eisenerz,1579887125.0,AT,47.53,14.88,27.32,blue,19.83,30.99,24.01,20.0,few clouds,79.0,4.7
soma,1579887127.0,TR,39.19,27.61,37.4,green,31.89,37.4,37.4,0.0,clear sky,59.0,1.7
port lincoln,1579886971.0,AU,-34.73,135.87,60.98,orange,59.16,60.98,60.98,0.0,clear sky,83.0,6.42
camana,1579886944.0,PE,-16.62,-72.71,71.35,orange,70.32,71.35,71.35,89.0,overcast clouds,78.0,10.56
umm lajj,1579887130.0,SA,25.02,37.27,58.55,orange,53.24,58.55,58.55,9.0,clear sky,61.0,7.4
kaitangata,1579887131.0,NZ,-46.28,169.85,68.0,orange,66.42,68.0,68.0,100.0,overcast clouds,70.0,7.25
constitucion,1579886921.0,CL,-35.33,-72.42,71.42,orange,64.76,71.42,71.42,19.0,few clouds,46.0,11.77
lagunas,1579887133.0,PE,-5.23,-75.68,88.56,red,97.2,88.56,88.56,87.0,light rain,65.0,3.31
fukue,1579887134.0,JP,32.69,128.84,55.4,orange,48.52,55.4,55.4,86.0,overcast clouds,76.0,11.41
nanakuli,1579887135.0,US,21.39,-158.15,66.27,orange,67.23,68.0,64.0,40.0,scattered clouds,77.0,3.36
astana,1579887137.0,KZ,51.18,71.45,26.6,blue,12.0,26.6,26.6,90.0,snow,92.0,17.9
buin,1579887138.0,CL,-33.73,-70.75,85.39,red,85.15,86.0,84.2,23.0,few clouds,39.0,4.7
pipraich,1579887139.0,IN,26.83,83.53,51.69,green,49.39,51.69,51.69,75.0,broken clouds,81.0,2.46
karratha,1579886908.0,AU,-20.74,116.85,84.04,red,86.54,84.04,84.04,0.0,clear sky,77.0,15.03
banda aceh,1579887141.0,ID,5.56,95.32,73.81,orange,80.01,73.81,73.81,3.0,clear sky,95.0,4.7
swan hill,1579887142.0,AU,-35.34,143.55,61.05,orange,57.87,61.05,61.05,48.0,scattered clouds,64.0,5.23
santiago,1579886961.0,CL,-33.46,-70.65,85.86,red,85.77,88.0,84.2,23.0,few clouds,39.0,4.7
bela crkva,1579887144.0,RS,44.9,21.42,32.0,green,24.87,32.0,32.0,0.0,clear sky,54.0,3.36
mayya,1579887145.0,RU,61.73,130.28,-49.0,blue,-57.42,-49.0,-49.0,90.0,fog,56.0,2.24
thompson,1579887146.0,CA,55.74,-97.86,10.4,blue,-0.11,10.4,10.4,75.0,broken clouds,85.0,8.05
jackson,1579887029.0,US,42.42,-122.83,44.49,green,42.12,46.99,39.99,90.0,fog,100.0,1.95
siderno,1579887149.0,IT,38.28,16.3,56.88,orange,52.88,59.0,54.0,75.0,broken clouds,76.0,6.93
guerrero negro,1579886900.0,MX,27.98,-114.06,67.35,orange,64.44,67.35,67.35,100.0,overcast clouds,45.0,3.22
pallasovka,1579887151.0,RU,50.05,46.88,15.78,blue,2.55,15.78,15.78,27.0,scattered clouds,91.0,13.67
auki,1579887152.0,SB,-8.77,160.7,84.09,red,88.92,84.09,84.09,24.0,few clouds,75.0,10.13
madimba,1579887153.0,TZ,-10.4,40.33,79.41,orange,88.54,79.41,79.41,97.0,light rain,81.0,0.22
akdepe,1579887155.0,TM,42.06,59.38,33.82,green,25.59,35.6,32.0,100.0,overcast clouds,74.0,6.93
gizo,1579886985.0,SB,-8.1,156.84,77.58,orange,83.84,77.58,77.58,16.0,light rain,87.0,5.61
cap malheureux,1579887157.0,MU,-19.98,57.61,80.8,red,88.39,81.0,80.6,75.0,shower rain,88.0,6.93
isangel,1579887158.0,VU,-19.55,169.27,76.3,orange,78.46,76.3,76.3,72.0,light rain,85.0,11.05
waipawa,1579886895.0,NZ,-41.41,175.52,61.57,orange,51.94,63.0,60.01,27.0,scattered clouds,77.0,19.46
kavaratti,1579886940.0,IN,10.57,72.64,82.04,red,87.94,82.04,82.04,33.0,scattered clouds,69.0,3.85
manokwari,1579887162.0,ID,-0.87,134.08,72.68,orange,76.86,72.68,72.68,43.0,scattered clouds,80.0,2.86
kazlu ruda,1579887163.0,LT,54.77,23.5,39.2,green,27.09,39.2,39.2,90.0,light intensity drizzle,86.0,16.11
syamzha,1579887164.0,RU,60.02,41.06,28.35,blue,18.32,28.35,28.35,100.0,light snow,90.0,10.0
kuytun,1579887025.0,RU,54.34,101.5,11.93,blue,3.2,11.93,11.93,100.0,overcast clouds,85.0,5.06
rio grande,1579887064.0,BR,-32.03,-52.1,87.8,red,87.4,87.8,87.8,20.0,few clouds,45.0,9.17
san cristobal,1579887071.0,VE,7.77,-72.22,77.0,orange,81.46,77.0,77.0,75.0,fog,83.0,6.93
yamada,1579887168.0,JP,39.47,141.95,27.68,blue,18.57,27.68,27.68,0.0,clear sky,57.0,6.46
talnakh,1579887169.0,RU,69.49,88.4,6.8,blue,-3.23,6.8,6.8,75.0,light snow,77.0,6.71
saint-augustin,1579887170.0,CA,51.23,-58.65,5.77,blue,-9.56,5.77,5.77,0.0,clear sky,70.0,15.9
celestun,1579887171.0,MX,20.87,-90.4,72.39,orange,75.2,72.39,72.39,81.0,broken clouds,78.0,4.52
katsuura,1579887172.0,JP,35.13,140.3,46.69,green,32.29,48.2,45.0,100.0,light rain,80.0,21.92
pedro juan caballero,1579887174.0,PY,-22.55,-55.73,82.4,red,84.63,82.4,82.4,75.0,broken clouds,54.0,4.7
santa fe,1579887056.0,AR,-31.63,-60.7,92.66,red,89.69,93.99,91.0,3.0,clear sky,30.0,8.99
ailigandi,1579887177.0,PA,9.23,-78.02,83.53,red,85.68,83.53,83.53,27.0,light rain,61.0,8.57
fort nelson,1579887178.0,CA,58.81,-122.7,8.6,blue,-0.02,8.6,8.6,90.0,light snow,92.0,4.7
melito di porto salvo,1579887179.0,IT,37.92,15.77,56.95,orange,49.77,59.0,54.0,40.0,scattered clouds,62.0,10.29
abiramam,1579887180.0,IN,9.47,78.45,78.8,orange,84.43,78.8,78.8,20.0,few clouds,74.0,3.36
tamala,1579887181.0,RU,52.54,43.25,24.89,blue,9.43,24.89,24.89,100.0,light snow,92.0,19.08
san policarpo,1579887182.0,PH,12.18,125.51,78.75,orange,82.99,78.75,78.75,2.0,moderate rain,87.0,10.36
lindi,1579887184.0,TZ,-10.0,39.72,73.04,orange,81.45,73.04,73.04,97.0,overcast clouds,96.0,0.31
oriximina,1579887185.0,BR,-1.77,-55.87,95.04,red,101.35,95.04,95.04,4.0,clear sky,44.0,2.04
hasanabad,1579887186.0,IR,36.55,61.05,48.2,green,40.53,48.2,48.2,0.0,clear sky,61.0,8.21
lakhdenpokhya,1579887187.0,RU,61.52,30.2,32.0,green,22.86,32.0,32.0,38.0,scattered clouds,82.0,8.75
quatre cocos,1579887188.0,MU,-20.21,57.76,80.78,red,88.36,81.0,80.6,75.0,shower rain,88.0,6.93
kangaatsiaq,1579887190.0,GL,68.31,-53.46,21.43,blue,2.46,21.43,21.43,100.0,overcast clouds,82.0,24.29
marathon,1579887192.0,US,44.9,-89.77,33.19,green,25.36,35.01,32.0,90.0,light snow,86.0,6.93
nuuk,1579887193.0,GL,64.18,-51.72,12.11,blue,-0.29,12.2,12.0,75.0,broken clouds,78.0,11.41
cururupu,1579887194.0,BR,-1.83,-44.87,83.17,red,92.03,83.17,83.17,31.0,moderate rain,84.0,5.73
lazaro cardenas,1579887195.0,MX,17.96,-102.2,84.76,red,87.96,84.76,84.76,1.0,clear sky,53.0,4.25
farafangana,1579886954.0,MG,-22.82,47.83,78.08,orange,76.14,78.08,78.08,30.0,light rain,77.0,17.25
el carmen,1579887198.0,CO,8.51,-73.45,77.52,orange,83.37,77.52,77.52,84.0,light rain,77.0,2.93
rabo de peixe,1579887199.0,PT,37.8,-25.58,59.0,orange,52.27,59.0,59.0,20.0,few clouds,62.0,10.29
machiques,1579887200.0,VE,10.06,-72.55,90.95,red,96.67,90.95,90.95,99.0,overcast clouds,48.0,2.06
impfondo,1579887201.0,CG,1.64,18.07,80.44,red,75.61,80.44,80.44,100.0,overcast clouds,19.0,2.86
obera,1579887202.0,AR,-27.49,-55.12,87.21,red,85.91,87.21,87.21,0.0,clear sky,35.0,5.73
paciran,1579887203.0,ID,-6.88,112.38,77.09,orange,85.05,77.09,77.09,28.0,light rain,88.0,2.51
atbasar,1579887204.0,KZ,51.8,68.33,20.64,blue,10.24,20.64,20.64,100.0,overcast clouds,93.0,9.42
tuatapere,1579886963.0,NZ,-46.13,167.68,59.0,orange,57.45,59.0,59.0,100.0,light rain,95.0,7.0
olafsvik,1579886923.0,IS,64.89,-23.71,31.15,blue,20.57,31.15,31.15,100.0,overcast clouds,79.0,10.94
pitimbu,1579887207.0,BR,-7.47,-34.81,86.0,red,89.58,86.0,86.0,75.0,broken clouds,66.0,10.29
mar del plata,1579887209.0,AR,-38.0,-57.56,91.22,red,83.17,91.4,91.0,20.0,few clouds,41.0,23.04
opelousas,1579887210.0,US,30.53,-92.08,57.96,orange,51.87,60.01,55.4,1.0,clear sky,58.0,8.05
brae,1579886942.0,GB,60.4,-1.35,42.55,green,34.29,44.6,41.0,20.0,shower rain,86.0,10.29
hualmay,1579886956.0,PE,-11.1,-77.61,81.93,red,79.41,81.93,81.93,31.0,scattered clouds,51.0,11.65
aklavik,1579887213.0,CA,68.22,-135.01,-4.76,blue,-18.54,-4.0,-5.8,90.0,light snow,83.0,12.75
matara,1579887214.0,LK,5.95,80.54,73.72,orange,76.75,73.72,73.72,38.0,scattered clouds,86.0,7.54
gberia fotombu,1579887215.0,SL,9.88,-11.17,93.15,red,85.32,93.15,93.15,97.0,overcast clouds,10.0,6.69
vardo,1579887216.0,NO,70.37,31.11,17.44,blue,8.64,21.2,12.2,75.0,broken clouds,85.0,5.82
saint-francois,1579886987.0,FR,46.42,3.91,40.5,green,35.76,42.8,37.99,94.0,light rain,81.0,2.93
mlonggo,1579887218.0,ID,-6.53,110.7,80.6,red,87.64,80.6,80.6,40.0,scattered clouds,83.0,5.82
dulce nombre de culmi,1579887219.0,HN,15.1,-85.53,75.13,orange,78.3,75.13,75.13,96.0,overcast clouds,66.0,2.24
basco,1579887220.0,PH,20.45,121.97,77.07,orange,72.19,77.07,77.07,62.0,broken clouds,73.0,20.24
ilulissat,1579887222.0,GL,69.22,-51.1,19.4,blue,2.35,19.4,19.4,75.0,broken clouds,52.0,19.46
san patricio,1579886964.0,MX,19.22,-104.7,82.4,red,89.38,82.4,82.4,20.0,few clouds,74.0,4.23
antofagasta,1579887200.0,CL,-23.65,-70.4,80.6,red,78.37,80.6,80.6,88.0,overcast clouds,54.0,11.41
cermik,1579887225.0,TR,38.14,39.45,30.2,blue,20.01,30.2,30.2,0.0,clear sky,46.0,8.05
hovd,1579887226.0,MN,48.01,91.64,1.0,blue,-6.16,1.0,1.0,2.0,clear sky,77.0,1.21
marrakesh,1579887127.0,MA,31.63,-8.01,66.2,orange,60.78,66.2,66.2,40.0,scattered clouds,34.0,4.7
saint-pierre,1579887230.0,RE,-21.34,55.48,77.25,red,78.13,80.6,71.01,100.0,moderate rain,94.0,17.22
sabha,1579886992.0,LY,27.04,14.43,60.35,orange,49.78,60.35,60.35,29.0,scattered clouds,18.0,9.35
najran,1579887230.0,SA,17.49,44.13,64.4,orange,56.61,64.4,64.4,5.0,clear sky,36.0,8.86
mamakan,1579887233.0,RU,57.82,114.0,-7.33,blue,-15.43,-7.33,-7.33,100.0,overcast clouds,96.0,2.68
sweetwater,1579887148.0,US,25.76,-80.37,77.41,red,75.33,80.01,75.0,75.0,broken clouds,54.0,9.17
rupert,1579887184.0,US,42.62,-113.68,32.97,green,26.37,33.8,28.99,90.0,light rain,86.0,4.7
te anau,1579886973.0,NZ,-45.42,167.72,57.78,orange,59.54,57.78,57.78,100.0,moderate rain,100.0,1.28
fort william,1579887238.0,GB,56.82,-5.11,46.0,green,42.64,46.0,46.0,100.0,light rain,94.0,3.67
gayny,1579887239.0,RU,60.31,54.32,4.23,blue,-4.54,4.23,4.23,94.0,overcast clouds,97.0,4.68
maraa,1579887240.0,BR,-1.83,-65.37,99.3,red,105.51,99.3,99.3,68.0,broken clouds,39.0,2.46
mul,1579887241.0,IN,20.07,79.67,70.65,orange,70.84,70.65,70.65,0.0,clear sky,52.0,0.85
muzhi,1579887242.0,RU,65.37,64.67,5.88,blue,-2.61,5.88,5.88,100.0,light snow,96.0,4.32
ionia,1579886980.0,US,42.99,-85.07,35.17,green,26.92,37.0,33.8,90.0,light rain,100.0,9.17
terre-de-bas,1579887244.0,GP,15.85,-61.64,84.2,red,86.23,84.2,84.2,90.0,overcast clouds,66.0,11.41
itarema,1579887245.0,BR,-2.92,-39.92,88.75,red,88.99,88.75,88.75,12.0,few clouds,54.0,13.09
la ronge,1579887247.0,CA,55.1,-105.28,21.2,blue,12.56,21.2,21.2,20.0,few clouds,79.0,5.82
hambantota,1579887248.0,LK,6.12,81.12,80.26,red,74.23,80.26,80.26,21.0,few clouds,75.0,25.72
usinsk,1579887249.0,RU,65.99,57.53,-0.22,blue,-10.19,-0.22,-0.22,93.0,light snow,97.0,6.46
englehart,1579887250.0,CA,47.82,-79.87,24.8,blue,14.72,24.8,24.8,90.0,overcast clouds,85.0,9.17
jaisalmer,1579887251.0,IN,26.91,70.92,62.31,orange,56.84,62.31,62.31,0.0,clear sky,33.0,3.58
port hardy,1579887252.0,CA,50.7,-127.42,44.6,green,39.02,44.6,44.6,75.0,light intensity shower rain,93.0,6.93
ust-ilimsk,1579887253.0,RU,58.0,102.66,19.81,blue,8.29,19.81,19.81,100.0,light snow,91.0,11.18
shalya,1579887254.0,RU,57.25,58.73,7.57,blue,-3.44,7.57,7.57,100.0,light snow,94.0,8.9
mahebourg,1579887255.0,MU,-20.41,57.7,80.35,red,87.67,80.6,80.01,75.0,shower rain,88.0,6.93
warrnambool,1579887257.0,AU,-38.38,142.48,61.0,orange,55.33,61.0,61.0,33.0,scattered clouds,87.0,14.05
willowmore,1579887259.0,ZA,-33.29,23.49,69.71,orange,68.41,69.71,69.71,17.0,light rain,61.0,5.41
aksarka,1579887214.0,RU,66.56,67.8,0.27,blue,-8.54,0.27,0.27,92.0,overcast clouds,97.0,4.41
jalu,1579887008.0,LY,29.03,21.55,56.55,orange,50.43,56.55,56.55,0.0,clear sky,57.0,7.45
paita,1579887263.0,PE,-5.09,-81.11,62.6,orange,62.35,62.6,62.6,40.0,scattered clouds,100.0,8.05
abu dhabi,1579887245.0,AE,24.47,54.37,66.2,orange,65.97,66.2,66.2,12.0,few clouds,68.0,3.36
carballo,1579887265.0,ES,43.21,-8.69,52.56,orange,49.15,55.0,50.0,100.0,overcast clouds,71.0,3.36
adrar,1579887249.0,MR,20.5,-10.07,80.17,red,73.78,80.17,80.17,60.0,broken clouds,19.0,5.59
marion,1579887154.0,US,39.77,-86.16,41.49,green,36.91,44.01,39.0,90.0,mist,100.0,4.7
singkang,1579887268.0,MY,2.1,102.8,78.53,orange,83.28,78.8,78.01,20.0,few clouds,74.0,4.7
bolitoc,1579887269.0,PH,15.74,119.88,73.11,orange,76.69,73.11,73.11,72.0,broken clouds,76.0,3.11
whitehorse,1579887204.0,CA,60.72,-135.05,7.97,blue,-0.02,8.6,7.0,90.0,light snow,84.0,3.36
koslan,1579887272.0,RU,63.46,48.9,-2.54,blue,-10.88,-2.54,-2.54,89.0,overcast clouds,99.0,3.42
garissa,1579887273.0,KE,-0.45,39.64,82.76,red,86.2,82.76,82.76,100.0,light rain,67.0,8.03
kropotkin,1579887274.0,RU,45.44,40.58,33.01,green,20.48,33.01,33.01,17.0,few clouds,58.0,13.33
ozernovskiy,1579887275.0,RU,51.5,156.52,5.97,blue,-4.25,5.97,5.97,86.0,light snow,94.0,7.34
svetlyy,1579887277.0,RU,54.67,20.13,41.0,green,28.53,41.0,41.0,90.0,light rain,93.0,17.9
mangotsfield,1579887278.0,GB,51.49,-2.5,43.09,green,37.83,45.0,41.0,90.0,overcast clouds,93.0,5.82
collierville,1579887279.0,US,35.04,-89.66,43.48,green,36.41,45.0,42.01,90.0,overcast clouds,93.0,9.17
zhanakorgan,1579887280.0,KZ,43.91,67.25,28.02,blue,19.33,28.02,28.02,98.0,overcast clouds,93.0,7.74
kem,1579887282.0,RU,64.96,34.58,20.57,blue,10.33,20.57,20.57,97.0,overcast clouds,93.0,9.13
novobureyskiy,1579887283.0,RU,49.8,129.88,-20.74,blue,-28.48,-20.74,-20.74,0.0,clear sky,89.0,1.48
zurrieq,1579887284.0,MT,35.83,14.47,57.7,orange,49.98,59.0,57.0,75.0,broken clouds,82.0,14.99
gold coast,1579887056.0,AU,-28.0,153.43,79.29,red,81.7,81.0,78.01,90.0,overcast clouds,83.0,12.75
aykhal,1579887286.0,RU,66.0,111.5,-23.8,blue,-34.58,-23.8,-23.8,75.0,light snow,74.0,6.71
voronovytsya,1579887287.0,UA,49.11,28.68,34.97,green,23.56,35.6,34.0,65.0,broken clouds,51.0,11.18
riyadh,1579887203.0,SA,24.69,46.72,57.2,orange,49.86,57.2,57.2,0.0,clear sky,33.0,5.82
itacoatiara,1579887289.0,BR,-3.14,-58.44,87.8,red,97.7,87.8,87.8,40.0,scattered clouds,79.0,6.93
corrente,1579887290.0,BR,-3.74,-43.34,82.36,red,92.62,82.36,82.36,47.0,moderate rain,89.0,4.32
nangong,1579887291.0,CN,37.36,115.37,31.59,blue,25.39,31.59,31.59,89.0,overcast clouds,61.0,2.06
shizunai,1579887292.0,JP,42.33,142.37,13.46,blue,0.16,13.46,13.46,100.0,light snow,85.0,13.33
pemba,1579887140.0,MZ,-12.97,40.52,78.8,orange,85.48,78.8,78.8,75.0,broken clouds,83.0,4.7
fort-shevchenko,1579887022.0,KZ,44.51,50.26,27.81,blue,8.58,27.81,27.81,92.0,light snow,55.0,24.32
havelock,1579887270.0,US,34.88,-76.9,64.63,orange,62.55,68.0,60.8,1.0,clear sky,68.0,5.82
tacuarembo,1579887297.0,UY,-31.73,-55.98,87.71,red,83.3,87.71,87.71,16.0,few clouds,24.0,6.33
biaora,1579887298.0,IN,23.87,76.92,58.06,orange,51.35,58.06,58.06,8.0,clear sky,37.0,5.55
vokhma,1579887299.0,RU,58.93,46.76,19.56,blue,8.8,19.56,19.56,100.0,light snow,94.0,9.93
muros,1579887300.0,ES,42.78,-9.06,52.68,orange,48.96,57.0,48.0,20.0,few clouds,76.0,4.7
montelimar,1579887302.0,FR,44.56,4.75,47.8,green,43.75,50.0,46.0,20.0,few clouds,75.0,3.36
taybad,1579887304.0,IR,34.74,60.78,38.19,green,34.14,38.19,38.19,0.0,clear sky,74.0,0.51
rocha,1579887305.0,UY,-34.48,-54.33,91.51,red,86.18,91.51,91.51,0.0,clear sky,20.0,7.29
khovu-aksy,1579887307.0,RU,51.13,93.6,1.13,blue,-11.16,1.13,1.13,86.0,overcast clouds,82.0,10.42
ponta do sol,1579887308.0,PT,32.67,-17.1,59.59,orange,54.16,62.6,55.99,40.0,scattered clouds,55.0,6.93
tucuman,1579887309.0,AR,-26.82,-65.22,87.8,red,90.52,87.8,87.8,61.0,broken clouds,52.0,6.93
ballina,1579887237.0,AU,-28.87,153.57,77.67,red,81.55,80.6,75.99,40.0,scattered clouds,88.0,10.29
matagami,1579887151.0,CA,49.75,-77.63,14.0,blue,2.97,14.0,14.0,1.0,clear sky,78.0,9.17
acapulco,1579887162.0,MX,16.86,-99.89,84.2,red,88.81,84.2,84.2,20.0,few clouds,66.0,6.82
belem de sao francisco,1579887315.0,BR,-8.75,-38.97,89.02,red,89.53,89.02,89.02,89.0,overcast clouds,40.0,5.95
raymond,1579887129.0,US,43.9,-70.47,40.14,green,30.78,43.0,37.0,75.0,light rain,60.0,9.17
natal,1579887154.0,BR,-5.79,-35.21,86.0,red,87.57,86.0,86.0,75.0,broken clouds,66.0,13.87
saldanha,1579887320.0,ZA,-33.01,17.94,78.8,orange,77.81,78.8,78.8,0.0,clear sky,54.0,8.05
palmerston,1579887321.0,AU,-12.49,130.98,83.3,red,88.5,84.2,80.01,75.0,broken clouds,79.0,10.29
namatanai,1579887223.0,PG,-3.67,152.43,82.85,red,86.49,82.85,82.85,11.0,few clouds,78.0,12.21
wanning,1579887323.0,CN,18.8,110.4,70.02,orange,72.16,70.02,70.02,49.0,scattered clouds,88.0,6.6
fortuna,1579887324.0,US,40.6,-124.16,52.68,green,50.59,54.0,50.0,1.0,clear sky,87.0,3.36
igboho,1579887326.0,NG,8.83,3.75,82.49,red,75.02,82.49,82.49,59.0,broken clouds,7.0,3.27
keti bandar,1579887327.0,PK,24.14,67.45,68.99,orange,64.99,68.99,68.99,0.0,clear sky,54.0,8.05
mayo,1579887329.0,US,38.89,-76.51,48.33,green,43.68,52.0,45.0,90.0,overcast clouds,76.0,4.7
shingu,1579887330.0,JP,33.73,135.98,49.28,green,41.18,49.28,49.28,55.0,broken clouds,69.0,10.29
yantal,1579887331.0,RU,56.85,105.25,15.33,blue,4.64,15.33,15.33,100.0,light snow,94.0,9.22
iqaluit,1579887333.0,CA,63.75,-68.51,-22.0,blue,-37.46,-22.0,-22.0,20.0,few clouds,61.0,14.99
sao gabriel da cachoeira,1579887334.0,BR,-0.13,-67.09,86.0,red,97.25,86.0,86.0,40.0,scattered clouds,89.0,6.93
omsukchan,1579887281.0,RU,62.53,155.8,-40.29,blue,-50.46,-40.29,-40.29,100.0,overcast clouds,99.0,5.46
marzuq,1579887338.0,YE,14.4,46.47,64.47,orange,65.93,64.47,64.47,70.0,broken clouds,80.0,2.04
ostrovnoy,1579887339.0,RU,68.05,39.51,11.3,blue,1.62,11.3,11.3,100.0,overcast clouds,88.0,6.76
bandarbeyla,1579887341.0,SO,9.49,50.81,78.8,orange,77.94,78.8,78.8,100.0,overcast clouds,85.0,18.79
vanavara,1579887342.0,RU,60.34,102.28,10.42,blue,1.45,10.42,10.42,100.0,light snow,95.0,5.57
amapa,1579887343.0,BR,1.0,-52.0,91.44,red,96.08,91.44,91.44,74.0,broken clouds,48.0,4.36
mangrol,1579887344.0,IN,21.12,70.12,72.55,orange,65.93,72.55,72.55,0.0,clear sky,53.0,14.2
iturama,1579887345.0,BR,-19.73,-50.2,79.41,orange,83.32,79.41,79.41,76.0,moderate rain,84.0,10.58
los llanos de aridane,1579887346.0,ES,28.66,-17.92,63.45,orange,60.42,66.2,60.01,40.0,scattered clouds,63.0,5.82
kineshma,1579887347.0,RU,57.44,42.13,30.29,blue,21.65,30.29,30.29,100.0,light snow,94.0,8.19
monte alegre,1579887348.0,BR,-2.01,-54.07,94.5,red,98.2,94.5,94.5,59.0,broken clouds,41.0,4.47
visnagar,1579887349.0,IN,23.7,72.55,64.4,orange,62.67,64.4,64.4,0.0,smoke,55.0,2.24
okhotsk,1579887350.0,RU,59.38,143.3,-25.42,blue,-37.84,-25.42,-25.42,0.0,clear sky,71.0,9.6
det udom,1579887351.0,TH,14.91,105.08,75.2,orange,80.28,75.2,75.2,7.0,clear sky,73.0,1.12
kieta,1579887353.0,PG,-6.22,155.63,81.01,red,87.13,81.01,81.01,37.0,scattered clouds,77.0,5.61
srednekolymsk,1579887354.0,RU,67.45,153.68,-28.75,blue,-38.63,-28.75,-28.75,100.0,overcast clouds,94.0,5.12
priyutnoye,1579887355.0,RU,46.1,43.51,23.0,blue,8.62,23.0,23.0,0.0,clear sky,73.0,15.99
bay roberts,1579887356.0,CA,47.6,-53.26,33.03,green,22.03,34.0,32.0,75.0,broken clouds,81.0,12.19
iki-burul,1579887357.0,RU,45.82,44.65,23.0,blue,8.8,23.0,23.0,12.0,few clouds,73.0,15.66
berdigestyakh,1579887358.0,RU,62.1,126.7,-40.29,blue,-49.4,-40.29,-40.29,10.0,clear sky,99.0,3.58
davidson,1579887359.0,US,36.15,-86.78,48.69,green,41.52,53.01,44.01,75.0,light rain,66.0,8.05
dudinka,1579887360.0,RU,69.41,86.18,6.8,blue,-3.23,6.8,6.8,75.0,light snow,77.0,6.71
alpena,1579887063.0,US,45.06,-83.43,35.87,green,24.62,37.99,34.0,90.0,light rain,74.0,12.75
luorong,1579887362.0,CN,24.41,109.61,52.29,green,48.6,52.29,52.29,100.0,moderate rain,90.0,6.44
bogashevo,1579887365.0,RU,56.37,85.14,30.06,blue,17.11,30.99,28.99,75.0,light shower snow,92.0,15.66
manati,1579887160.0,PR,18.43,-66.49,81.1,red,87.89,84.0,78.8,40.0,scattered clouds,74.0,3.36
canandaigua,1579887367.0,US,42.87,-77.29,43.47,green,35.73,46.99,39.0,1.0,clear sky,48.0,5.82
kalmunai,1579887368.0,LK,7.42,81.82,80.85,red,82.11,80.85,80.85,30.0,scattered clouds,76.0,13.69
salinopolis,1579887369.0,BR,-0.61,-47.36,81.97,red,84.49,81.97,81.97,85.0,light rain,82.0,14.88
catuday,1579887162.0,PH,16.29,119.81,79.41,orange,80.8,79.41,79.41,50.0,scattered clouds,77.0,12.5
sungaipenuh,1579887371.0,ID,-2.08,101.38,64.42,orange,68.47,64.42,64.42,97.0,heavy intensity rain,99.0,1.54
liepaja,1579887373.0,LV,56.54,21.04,42.8,green,31.44,42.8,42.8,100.0,light rain,100.0,17.22
cam ranh,1579887199.0,VN,11.92,109.16,77.0,orange,85.28,77.0,77.0,20.0,few clouds,100.0,5.82
killybegs,1579887376.0,IE,54.63,-8.45,45.99,green,35.8,46.4,45.0,90.0,overcast clouds,87.0,14.99
diu,1579887377.0,IN,20.71,70.98,75.38,orange,75.24,75.38,75.38,0.0,clear sky,63.0,7.36
tomakomai,1579887378.0,JP,42.64,141.6,19.6,blue,6.67,21.0,19.0,40.0,light shower snow,67.0,12.75
zhangjiakou,1579887379.0,CN,40.81,114.88,10.87,blue,3.18,10.87,10.87,2.0,clear sky,86.0,3.13
vestmanna,1579887380.0,FO,62.16,-7.17,39.2,green,31.32,39.2,39.2,100.0,light snow,80.0,8.05
pestovo,1579887381.0,RU,58.59,35.8,31.78,blue,22.75,31.78,31.78,71.0,broken clouds,85.0,8.68
manavadar,1579887382.0,IN,21.5,70.13,66.2,orange,65.97,66.2,66.2,0.0,smoke,68.0,3.36
batagay,1579887383.0,RU,67.63,134.63,-41.17,blue,-49.09,-41.17,-41.17,8.0,clear sky,93.0,1.45
marsa matruh,1579887385.0,EG,31.35,27.25,55.4,orange,48.45,55.4,55.4,75.0,broken clouds,54.0,8.05
nome,1579887386.0,US,64.5,-165.41,-14.84,blue,-25.83,-11.0,-18.4,1.0,clear sky,75.0,7.31
west university place,1579887388.0,US,29.72,-95.43,60.26,orange,53.49,64.0,57.0,1.0,clear sky,47.0,8.05
luzhou,1579887389.0,CN,28.87,105.44,45.97,green,41.29,45.97,45.97,100.0,overcast clouds,81.0,4.54
sobolevo,1579887390.0,RU,54.43,31.9,36.07,green,23.92,36.07,36.07,100.0,light rain,95.0,15.97
niono,1579887391.0,ML,14.25,-5.99,88.27,red,77.9,88.27,88.27,69.0,broken clouds,7.0,8.97
dickinson,1579887145.0,US,29.46,-95.05,60.73,orange,54.05,64.0,57.0,1.0,clear sky,47.0,8.05
lucea,1579887393.0,JM,18.45,-78.17,79.84,red,80.24,80.6,79.0,20.0,few clouds,65.0,10.29
otavi,1579887394.0,NA,-19.65,17.33,67.35,orange,60.31,67.35,67.35,41.0,light rain,75.0,17.74
mirabad,1579887396.0,AF,30.44,61.84,53.65,green,48.22,53.65,53.65,57.0,light rain,76.0,8.12
belmonte,1579887397.0,BR,-15.86,-38.88,84.15,red,92.7,86.0,82.4,90.0,overcast clouds,83.0,6.93
churapcha,1579887398.0,RU,62.0,132.43,-42.88,blue,-50.26,-42.88,-42.88,67.0,broken clouds,99.0,0.49
atasu,1579887400.0,KZ,48.68,71.64,33.46,green,20.12,33.46,33.46,100.0,light snow,98.0,17.58
paamiut,1579887401.0,GL,61.99,-49.67,17.46,blue,-2.06,17.46,17.46,100.0,light snow,89.0,24.96
xuanzhou,1579887402.0,CN,30.95,118.76,43.3,green,34.38,43.3,43.3,100.0,light rain,89.0,11.99
kungurtug,1579887403.0,RU,50.6,97.52,0.43,blue,-8.52,0.43,0.43,18.0,few clouds,77.0,4.34
andenes,1579887404.0,NO,69.31,16.12,24.93,blue,17.58,28.0,23.0,80.0,light snow,92.0,4.7
fez,1579887162.0,MA,34.04,-5.0,60.8,orange,58.69,60.8,60.8,40.0,scattered clouds,59.0,2.24
huinan,1579887407.0,CN,42.62,126.26,2.52,blue,-5.48,2.52,2.52,0.0,clear sky,72.0,2.71
sergeyevka,1579887408.0,KZ,53.88,67.42,11.7,blue,1.04,11.7,11.7,99.0,light snow,92.0,8.63
luba,1579887409.0,GQ,3.46,8.55,87.8,red,92.55,87.8,87.8,20.0,haze,62.0,8.05
khairagarh,1579887410.0,IN,26.95,77.82,51.6,green,45.1,51.6,51.6,32.0,scattered clouds,46.0,5.06
mehriz,1579887411.0,IR,31.59,54.43,41.0,green,31.51,41.0,41.0,0.0,clear sky,52.0,8.84
witu,1579887413.0,KE,-2.39,40.44,80.04,red,84.72,80.04,80.04,100.0,overcast clouds,87.0,10.94
rafaela,1579887372.0,AR,-31.25,-61.49,91.31,red,91.62,95.0,89.01,0.0,clear sky,31.0,3.0
severnyy,1579887415.0,RU,50.68,36.55,30.2,blue,18.34,30.2,30.2,90.0,mist,86.0,13.42
tsumeb,1579887416.0,NA,-19.23,17.72,64.4,orange,62.71,64.4,64.4,40.0,shower rain,77.0,6.93
sinegorye,1579887417.0,RU,62.08,150.48,-30.91,blue,-39.42,-30.91,-30.91,100.0,overcast clouds,100.0,2.66
dakar,1579887212.0,SN,14.69,-17.44,84.61,red,86.9,91.4,78.8,11.0,few clouds,61.0,9.17
bubaque,1579887419.0,GW,11.28,-15.83,79.79,orange,78.58,79.79,79.79,24.0,few clouds,65.0,13.09
gebre guracha,1579887420.0,ET,9.8,38.4,66.7,orange,61.12,66.7,66.7,100.0,overcast clouds,50.0,8.88
alofi,1579887421.0,NU,-19.06,-169.92,77.0,orange,84.16,77.0,77.0,90.0,overcast clouds,94.0,5.82
zhanaozen,1579887422.0,KZ,43.3,52.8,27.16,blue,10.71,27.16,27.16,68.0,light snow,62.0,19.71
creel,1579887423.0,MX,27.75,-107.63,55.67,orange,48.81,55.67,55.67,0.0,clear sky,34.0,4.81
hammerfest,1579887425.0,NO,70.66,23.68,32.76,green,18.99,33.8,32.0,40.0,scattered clouds,84.0,17.22
narbonne,1579887426.0,FR,43.08,2.83,50.81,green,42.71,51.8,50.0,57.0,light rain,93.0,13.98
imbituba,1579887427.0,BR,-28.24,-48.67,78.8,orange,78.69,78.8,78.8,40.0,scattered clouds,78.0,14.99
asau,1579887428.0,RO,46.43,26.4,34.66,green,24.24,36.0,33.01,14.0,few clouds,64.0,10.29
taiyuan,1579887429.0,CN,37.87,112.56,24.8,blue,18.46,24.8,24.8,97.0,mist,79.0,2.24
bilma,1579887430.0,NE,18.69,12.92,66.11,orange,56.26,66.11,66.11,0.0,clear sky,11.0,7.25
ketchikan,1579887259.0,US,55.34,-131.65,45.19,green,30.04,46.4,44.6,90.0,moderate rain,93.0,24.16
njombe,1579887432.0,TZ,-9.33,34.77,61.41,orange,63.01,61.41,61.41,100.0,moderate rain,97.0,3.33
coruripe,1579887433.0,BR,-10.13,-36.18,83.32,red,82.99,83.32,83.32,88.0,overcast clouds,72.0,17.27
shu,1579887297.0,KZ,43.6,73.76,36.0,green,30.78,36.0,36.0,99.0,overcast clouds,60.0,1.01
coracora,1579887435.0,PE,-15.03,-73.78,51.73,green,45.23,51.73,51.73,99.0,overcast clouds,89.0,11.03
pangody,1579887437.0,RU,65.85,74.49,6.37,blue,-1.44,6.37,6.37,90.0,light snow,96.0,3.15
quirinopolis,1579887438.0,BR,-18.45,-50.45,81.05,red,86.23,81.05,81.05,16.0,moderate rain,82.0,9.22
portland,1579887237.0,US,45.52,-122.68,50.07,green,43.63,53.01,46.99,75.0,light rain,81.0,9.17
cimarron hills,1579887440.0,US,38.86,-104.7,44.58,green,36.91,48.99,39.0,40.0,scattered clouds,24.0,3.36
daru,1579887441.0,PG,-9.08,143.21,76.8,orange,84.51,76.8,76.8,94.0,overcast clouds,84.0,1.32
the pas,1579887442.0,CA,53.83,-101.25,14.0,blue,1.06,14.0,14.0,1.0,clear sky,85.0,12.75
reo,1579887443.0,BF,12.32,-2.47,85.96,red,74.44,85.96,85.96,59.0,broken clouds,6.0,10.33
nova granada,1579887444.0,BR,-20.53,-49.31,75.2,orange,80.02,75.2,75.2,75.0,light rain,83.0,4.7
corn island,1579887445.0,NI,12.17,-83.04,78.66,orange,77.58,78.66,78.66,63.0,broken clouds,71.0,14.09
talcahuano,1579887446.0,CL,-36.72,-73.12,75.2,orange,67.66,75.2,75.2,32.0,scattered clouds,53.0,17.22
arman,1579887449.0,RU,59.7,150.17,-14.73,blue,-27.49,-14.73,-14.73,0.0,clear sky,84.0,10.51
bud,1579887450.0,US,39.45,-86.18,41.74,green,36.59,44.01,39.2,90.0,overcast clouds,100.0,5.82
deputatskiy,1579887451.0,RU,69.3,139.9,-36.53,blue,-44.63,-36.53,-36.53,3.0,clear sky,96.0,1.83
espinosa,1579887452.0,BR,-14.93,-42.82,67.17,orange,68.07,67.17,67.17,100.0,light rain,97.0,8.81
